record_id,cluster_id
r0000,e0000
r0001,e0001
r0002,e0002
r0003,e0003
r0004,e0004
r0005,e0005
r0006,e0006
r0007,e0007
r0008,e0008
r0009,e0009
r0010,e0010
r0011,e0011
r0012,e0012
r0013,e0013
r0014,e0014
r0015,e0015
r0016,e0016
r0017,e0017
r0018,e0018
r0019,e0019
r0020,e0020
r0021,e0021
r0022,e0022
r0023,e0023
r0024,e0024
r0025,e0025
r0026,e0026
r0027,e0027
r0028,e0028
r0029,e0029
r0030,e0030
r0031,e0030
r0032,e0031
r0033,e0032
r0034,e0033
r0035,e0034
r0036,e0035
r0037,e0036
r0038,e0037
r0039,e0038
r0040,e0039
r0041,e0040
r0042,e0017
r0043,e0041
r0044,e0042
r0045,e0043
r0046,e0034
r0047,e0044
r0048,e0045
r0049,e0046
r0050,e0047
r0051,e0048
r0052,e0049
r0053,e0050
r0054,e0051
r0055,e0052
r0056,e0053
r0057,e0054
r0058,e0055
r0059,e0027
r0060,e0056
r0061,e0057
r0062,e0058
r0063,e0059
r0064,e0060
r0065,e0061
r0066,e0062
r0067,e0063
r0068,e0064
r0069,e0065
r0070,e0066
r0071,e0067
r0072,e0068
r0073,e0069
r0074,e0070
r0075,e0071
r0076,e0072
r0077,e0073
r0078,e0074
r0079,e0075
r0080,e0076
r0081,e0077
r0082,e0078
r0083,e0079
r0084,e0080
r0085,e0081
r0086,e0082
r0087,e0083
r0088,e0084
r0089,e0085
r0090,e0086
r0091,e0087
r0092,e0088
r0093,e0089
r0094,e0090
r0095,e0091
r0096,e0092
r0097,e0093
r0098,e0094
r0099,e0095
r0100,e0096
r0101,e0097
r0102,e0098
r0103,e0099
r0104,e0100
r0105,e0101
r0106,e0102
r0107,e0024
r0108,e0103
r0109,e0104
r0110,e0105
r0111,e0106
r0112,e0107
r0113,e0108
r0114,e0109
r0115,e0097
r0116,e0110
r0117,e0111
r0118,e0112
r0119,e0113
r0120,e0114
r0121,e0115
r0122,e0116
r0123,e0117
r0124,e0118
r0125,e0119
r0126,e0120
r0127,e0121
r0128,e0122
r0129,e0123
r0130,e0124
r0131,e0125
r0132,e0126
r0133,e0127
r0134,e0128
r0135,e0129
r0136,e0130
r0137,e0131
r0138,e0046
r0139,e0132
r0140,e0133
r0141,e0134
r0142,e0071
r0143,e0135
r0144,e0136
r0145,e0137
r0146,e0138
r0147,e0139
r0148,e0140
r0149,e0141
r0150,e0142
r0151,e0143
r0152,e0144
r0153,e0145
r0154,e0146
r0155,e0145
r0156,e0147
r0157,e0148
r0158,e0149
r0159,e0150
r0160,e0151
r0161,e0152
r0162,e0153
r0163,e0154
r0164,e0155
r0165,e0156
r0166,e0157
r0167,e0158
r0168,e0159
r0169,e0160
r0170,e0161
r0171,e0162
r0172,e0163
r0173,e0164
r0174,e0165
r0175,e0166
r0176,e0167
r0177,e0168
r0178,e0169
r0179,e0170
r0180,e0171
r0181,e0172
r0182,e0173
r0183,e0174
r0184,e0175
r0185,e0176
r0186,e0177
r0187,e0178
r0188,e0179
r0189,e0180
r0190,e0181
r0191,e0182
r0192,e0183
r0193,e0184
r0194,e0185
r0195,e0124
r0196,e0186
r0197,e0187
r0198,e0188
r0199,e0189
r0200,e0190
r0201,e0191
r0202,e0192
r0203,e0193
r0204,e0194
r0205,e0195
r0206,e0196
r0207,e0197
r0208,e0198
r0209,e0181
r0210,e0145
r0211,e0199
r0212,e0200
r0213,e0201
r0214,e0202
r0215,e0203
r0216,e0204
r0217,e0205
r0218,e0206
r0219,e0207
r0220,e0208
r0221,e0209
r0222,e0210
r0223,e0211
r0224,e0212
r0225,e0179
r0226,e0046
r0227,e0213
r0228,e0214
r0229,e0215
r0230,e0216
r0231,e0217
r0232,e0218
r0233,e0219
r0234,e0220
r0235,e0221
r0236,e0171
r0237,e0222
r0238,e0223
r0239,e0224
r0240,e0225
r0241,e0226
r0242,e0227
r0243,e0228
r0244,e0229
r0245,e0230
r0246,e0231
r0247,e0172
r0248,e0232
r0249,e0233
r0250,e0234
r0251,e0235
r0252,e0236
r0253,e0237
r0254,e0238
r0255,e0239
r0256,e0240
r0257,e0241
r0258,e0242
r0259,e0243
r0260,e0244
r0261,e0245
r0262,e0246
r0263,e0184
r0264,e0247
r0265,e0248
r0266,e0249
r0267,e0250
r0268,e0251
r0269,e0252
r0270,e0253
r0271,e0254
r0272,e0255
r0273,e0256
r0274,e0020
r0275,e0257
r0276,e0258
r0277,e0259
r0278,e0260
r0279,e0261
r0280,e0262
r0281,e0263
r0282,e0264
r0283,e0265
r0284,e0266
r0285,e0267
r0286,e0268
r0287,e0269
r0288,e0270
r0289,e0271
r0290,e0272
r0291,e0273
r0292,e0274
r0293,e0275
r0294,e0276
r0295,e0277
r0296,e0278
r0297,e0279
r0298,e0280
r0299,e0281
r0300,e0282
r0301,e0283
r0302,e0284
r0303,e0285
r0304,e0286
r0305,e0287
r0306,e0288
r0307,e0289
r0308,e0290
r0309,e0291
r0310,e0292
r0311,e0293
r0312,e0294
r0313,e0295
r0314,e0296
r0315,e0297
r0316,e0298
r0317,e0130
r0318,e0232
r0319,e0299
r0320,e0300
r0321,e0301
r0322,e0302
r0323,e0303
r0324,e0304
r0325,e0305
r0326,e0306
r0327,e0307
r0328,e0308
r0329,e0309
r0330,e0310
r0331,e0311
r0332,e0312
r0333,e0313
r0334,e0314
r0335,e0315
r0336,e0316
r0337,e0317
r0338,e0318
r0339,e0319
r0340,e0187
r0341,e0320
r0342,e0321
r0343,e0322
r0344,e0323
r0345,e0324
r0346,e0325
r0347,e0326
r0348,e0327
r0349,e0328
r0350,e0329
r0351,e0098
r0352,e0330
r0353,e0331
r0354,e0332
r0355,e0333
r0356,e0334
r0357,e0335
r0358,e0336
r0359,e0337
r0360,e0338
r0361,e0267
r0362,e0339
r0363,e0215
r0364,e0340
r0365,e0341
r0366,e0342
r0367,e0343
r0368,e0344
r0369,e0345
r0370,e0346
r0371,e0347
r0372,e0348
r0373,e0349
r0374,e0350
r0375,e0194
r0376,e0351
r0377,e0352
r0378,e0353
r0379,e0354
r0380,e0355
r0381,e0356
r0382,e0357
r0383,e0358
r0384,e0268
r0385,e0359
r0386,e0360
r0387,e0361
r0388,e0362
r0389,e0363
r0390,e0364
r0391,e0205
r0392,e0365
r0393,e0366
r0394,e0367
r0395,e0110
r0396,e0368
r0397,e0369
r0398,e0370
r0399,e0371
r0400,e0372
r0401,e0373
r0402,e0374
r0403,e0375
r0404,e0376
r0405,e0377
r0406,e0378
r0407,e0379
r0408,e0357
r0409,e0380
r0410,e0381
r0411,e0382
r0412,e0383
r0413,e0384
r0414,e0385
r0415,e0386
r0416,e0387
r0417,e0290
r0418,e0083
r0419,e0388
r0420,e0389
r0421,e0390
r0422,e0292
r0423,e0391
r0424,e0392
r0425,e0393
r0426,e0394
r0427,e0395
r0428,e0396
r0429,e0397
r0430,e0192
r0431,e0398
r0432,e0399
r0433,e0400
r0434,e0360
r0435,e0401
r0436,e0402
r0437,e0275
r0438,e0100
r0439,e0403
r0440,e0404
r0441,e0405
r0442,e0406
r0443,e0407
r0444,e0408
r0445,e0409
r0446,e0410
r0447,e0411
r0448,e0381
r0449,e0412
r0450,e0413
r0451,e0414
r0452,e0415
r0453,e0416
r0454,e0417
r0455,e0418
r0456,e0419
r0457,e0420
r0458,e0421
r0459,e0422
r0460,e0423
r0461,e0140
r0462,e0424
r0463,e0130
r0464,e0425
r0465,e0426
r0466,e0427
r0467,e0428
r0468,e0429
r0469,e0303
r0470,e0156
r0471,e0430
r0472,e0431
r0473,e0088
r0474,e0432
r0475,e0433
r0476,e0434
r0477,e0435
r0478,e0436
r0479,e0260
r0480,e0238
r0481,e0437
r0482,e0438
r0483,e0439
r0484,e0440
r0485,e0441
r0486,e0442
r0487,e0443
r0488,e0444
r0489,e0445
r0490,e0282
r0491,e0174
r0492,e0046
r0493,e0446
r0494,e0015
r0495,e0447
r0496,e0448
r0497,e0449
r0498,e0450
r0499,e0451
r0500,e0452
r0501,e0453
r0502,e0454
r0503,e0455
r0504,e0456
r0505,e0457
r0506,e0458
r0507,e0428
r0508,e0459
r0509,e0460
r0510,e0267
r0511,e0461
r0512,e0415
r0513,e0287
r0514,e0462
r0515,e0463
r0516,e0464
r0517,e0406
r0518,e0465
r0519,e0466
r0520,e0467
r0521,e0468
r0522,e0469
r0523,e0470
r0524,e0471
r0525,e0472
r0526,e0473
r0527,e0474
r0528,e0475
r0529,e0476
r0530,e0296
r0531,e0477
r0532,e0478
r0533,e0479
r0534,e0480
r0535,e0063
r0536,e0481
r0537,e0482
r0538,e0483
r0539,e0484
r0540,e0485
r0541,e0486
r0542,e0487
r0543,e0488
r0544,e0489
r0545,e0490
r0546,e0491
r0547,e0492
r0548,e0493
r0549,e0494
r0550,e0495
r0551,e0186
r0552,e0496
r0553,e0283
r0554,e0142
r0555,e0497
r0556,e0054
r0557,e0498
r0558,e0077
r0559,e0499
r0560,e0500
r0561,e0304
r0562,e0501
r0563,e0127
r0564,e0502
r0565,e0171
r0566,e0503
r0567,e0504
r0568,e0114
r0569,e0505
r0570,e0166
r0571,e0506
r0572,e0212
r0573,e0507
r0574,e0098
r0575,e0508
r0576,e0509
r0577,e0510
r0578,e0511
r0579,e0512
r0580,e0513
r0581,e0514
r0582,e0515
r0583,e0012
r0584,e0438
r0585,e0516
r0586,e0399
r0587,e0517
r0588,e0419
r0589,e0099
r0590,e0518
r0591,e0519
r0592,e0520
r0593,e0521
r0594,e0522
r0595,e0278
r0596,e0523
r0597,e0254
r0598,e0524
r0599,e0525
r0600,e0034
r0601,e0526
r0602,e0527
r0603,e0528
r0604,e0529
r0605,e0530
r0606,e0531
r0607,e0532
r0608,e0533
r0609,e0534
r0610,e0535
r0611,e0536
r0612,e0537
r0613,e0332
r0614,e0532
r0615,e0538
r0616,e0539
r0617,e0342
r0618,e0540
r0619,e0541
r0620,e0542
r0621,e0543
r0622,e0544
r0623,e0217
r0624,e0545
r0625,e0230
r0626,e0399
r0627,e0420
r0628,e0274
r0629,e0546
r0630,e0379
r0631,e0519
r0632,e0283
r0633,e0269
r0634,e0547
r0635,e0548
r0636,e0549
r0637,e0550
r0638,e0551
r0639,e0552
r0640,e0553
r0641,e0285
r0642,e0554
r0643,e0555
r0644,e0550
r0645,e0377
r0646,e0508
r0647,e0556
r0648,e0557
r0649,e0558
r0650,e0536
r0651,e0559
r0652,e0321
r0653,e0560
r0654,e0561
r0655,e0562
r0656,e0563
r0657,e0430
r0658,e0564
r0659,e0344
r0660,e0409
r0661,e0565
r0662,e0566
r0663,e0567
r0664,e0568
r0665,e0496
r0666,e0569
r0667,e0570
r0668,e0571
r0669,e0572
r0670,e0573
r0671,e0348
r0672,e0308
r0673,e0574
r0674,e0575
r0675,e0576
r0676,e0577
r0677,e0333
r0678,e0578
r0679,e0579
r0680,e0580
r0681,e0581
r0682,e0251
r0683,e0322
r0684,e0473
r0685,e0582
r0686,e0583
r0687,e0378
r0688,e0584
r0689,e0462
r0690,e0254
r0691,e0178
r0692,e0585
r0693,e0084
r0694,e0586
r0695,e0587
r0696,e0588
r0697,e0589
r0698,e0152
r0699,e0081
r0700,e0040
r0701,e0590
r0702,e0591
r0703,e0570
r0704,e0552
r0705,e0359
r0706,e0592
r0707,e0409
r0708,e0593
r0709,e0594
r0710,e0595
r0711,e0596
r0712,e0597
r0713,e0598
r0714,e0599
r0715,e0600
r0716,e0601
r0717,e0602
r0718,e0603
r0719,e0604
r0720,e0385
r0721,e0605
r0722,e0606
r0723,e0310
r0724,e0607
r0725,e0608
r0726,e0609
r0727,e0610
r0728,e0611
r0729,e0612
r0730,e0613
r0731,e0614
r0732,e0615
r0733,e0616
r0734,e0066
r0735,e0402
r0736,e0617
r0737,e0618
r0738,e0619
r0739,e0114
r0740,e0295
r0741,e0620
r0742,e0188
r0743,e0338
r0744,e0621
r0745,e0622
r0746,e0289
r0747,e0308
r0748,e0623
r0749,e0447
r0750,e0151
r0751,e0271
r0752,e0624
r0753,e0625
r0754,e0579
r0755,e0366
r0756,e0522
r0757,e0626
r0758,e0627
r0759,e0628
r0760,e0629
r0761,e0626
r0762,e0630
r0763,e0631
r0764,e0632
r0765,e0633
r0766,e0634
r0767,e0635
r0768,e0636
r0769,e0367
r0770,e0637
r0771,e0638
r0772,e0578
r0773,e0639
r0774,e0640
r0775,e0641
r0776,e0642
r0777,e0643
r0778,e0378
r0779,e0644
r0780,e0645
r0781,e0646
r0782,e0647
r0783,e0247
r0784,e0011
r0785,e0358
r0786,e0453
r0787,e0648
r0788,e0155
r0789,e0649
r0790,e0650
r0791,e0651
r0792,e0652
r0793,e0510
r0794,e0653
r0795,e0621
r0796,e0654
r0797,e0629
r0798,e0655
r0799,e0656
r0800,e0657
r0801,e0658
r0802,e0344
r0803,e0254
r0804,e0328
r0805,e0659
r0806,e0660
r0807,e0661
r0808,e0145
r0809,e0662
r0810,e0663
r0811,e0664
r0812,e0665
r0813,e0666
r0814,e0667
r0815,e0668
r0816,e0669
r0817,e0670
r0818,e0671
r0819,e0672
r0820,e0034
r0821,e0673
r0822,e0674
r0823,e0675
r0824,e0423
r0825,e0676
r0826,e0415
r0827,e0677
r0828,e0678
r0829,e0679
r0830,e0680
r0831,e0681
r0832,e0080
r0833,e0682
r0834,e0683
r0835,e0684
r0836,e0245
r0837,e0060
r0838,e0115
r0839,e0685
r0840,e0317
r0841,e0686
r0842,e0473
r0843,e0293
r0844,e0687
r0845,e0521
r0846,e0688
r0847,e0689
r0848,e0429
r0849,e0690
r0850,e0242
r0851,e0691
r0852,e0103
r0853,e0363
r0854,e0692
r0855,e0693
r0856,e0155
r0857,e0664
r0858,e0694
r0859,e0070
r0860,e0695
r0861,e0289
r0862,e0696
r0863,e0207
r0864,e0365
r0865,e0697
r0866,e0698
r0867,e0658
r0868,e0152
r0869,e0689
r0870,e0417
r0871,e0699
r0872,e0700
r0873,e0701
r0874,e0702
r0875,e0294
r0876,e0703
r0877,e0057
r0878,e0276
r0879,e0704
r0880,e0705
r0881,e0706
r0882,e0323
r0883,e0697
r0884,e0001
r0885,e0115
r0886,e0707
r0887,e0708
r0888,e0709
r0889,e0710
r0890,e0647
r0891,e0711
r0892,e0712
r0893,e0713
r0894,e0551
r0895,e0714
r0896,e0715
r0897,e0716
r0898,e0362
r0899,e0717
r0900,e0718
r0901,e0372
r0902,e0719
r0903,e0029
r0904,e0128
r0905,e0720
r0906,e0721
r0907,e0722
r0908,e0723
r0909,e0148
r0910,e0374
r0911,e0724
r0912,e0443
r0913,e0546
r0914,e0296
r0915,e0281
r0916,e0725
r0917,e0524
r0918,e0300
r0919,e0511
r0920,e0433
r0921,e0719
r0922,e0726
r0923,e0727
r0924,e0728
r0925,e0729
r0926,e0578
r0927,e0730
r0928,e0473
r0929,e0731
r0930,e0732
r0931,e0733
r0932,e0181
r0933,e0734
r0934,e0085
r0935,e0484
r0936,e0735
r0937,e0015
r0938,e0736
r0939,e0074
r0940,e0737
r0941,e0738
r0942,e0235
r0943,e0697
r0944,e0739
r0945,e0528
r0946,e0296
r0947,e0740
r0948,e0741
r0949,e0130
r0950,e0742
r0951,e0743
r0952,e0744
r0953,e0569
r0954,e0745
r0955,e0746
r0956,e0432
r0957,e0747
r0958,e0748
r0959,e0749
r0960,e0173
r0961,e0121
r0962,e0750
r0963,e0137
r0964,e0125
r0965,e0751
r0966,e0752
r0967,e0753
r0968,e0754
r0969,e0510
r0970,e0671
r0971,e0755
r0972,e0756
r0973,e0757
r0974,e0150
r0975,e0758
r0976,e0564
r0977,e0759
r0978,e0760
r0979,e0692
r0980,e0761
r0981,e0762
r0982,e0290
r0983,e0763
r0984,e0764
r0985,e0722
r0986,e0765
r0987,e0766
r0988,e0767
r0989,e0210
r0990,e0127
r0991,e0768
r0992,e0769
r0993,e0770
r0994,e0771
r0995,e0772
r0996,e0270
r0997,e0773
r0998,e0774
r0999,e0775
r1000,e0438
r1001,e0492
r1002,e0776
r1003,e0777
r1004,e0652
r1005,e0778
r1006,e0779
r1007,e0016
r1008,e0748
r1009,e0007
r1010,e0780
r1011,e0353
r1012,e0280
r1013,e0781
r1014,e0782
r1015,e0783
r1016,e0323
r1017,e0784
r1018,e0785
r1019,e0786
r1020,e0091
r1021,e0059
r1022,e0787
r1023,e0788
r1024,e0654
r1025,e0789
r1026,e0790
r1027,e0542
r1028,e0734
r1029,e0603
r1030,e0791
r1031,e0586
r1032,e0792
r1033,e0793
r1034,e0794
r1035,e0795
r1036,e0796
r1037,e0797
r1038,e0424
r1039,e0798
r1040,e0799
r1041,e0375
r1042,e0800
r1043,e0544
r1044,e0341
r1045,e0801
r1046,e0540
r1047,e0425
r1048,e0044
r1049,e0487
r1050,e0802
r1051,e0095
r1052,e0803
r1053,e0804
r1054,e0457
r1055,e0805
r1056,e0217
r1057,e0806
r1058,e0807
r1059,e0808
r1060,e0013
r1061,e0354
r1062,e0809
r1063,e0810
r1064,e0217
r1065,e0811
r1066,e0812
r1067,e0813
r1068,e0814
r1069,e0815
r1070,e0816
r1071,e0152
r1072,e0674
r1073,e0817
r1074,e0818
r1075,e0641
r1076,e0647
r1077,e0819
r1078,e0263
r1079,e0670
r1080,e0820
r1081,e0821
r1082,e0822
r1083,e0200
r1084,e0823
r1085,e0824
r1086,e0229
r1087,e0825
r1088,e0612
r1089,e0826
r1090,e0067
r1091,e0103
r1092,e0443
r1093,e0827
r1094,e0828
r1095,e0122
r1096,e0035
r1097,e0829
r1098,e0830
r1099,e0831
r1100,e0832
r1101,e0833
r1102,e0834
r1103,e0210
r1104,e0835
r1105,e0752
r1106,e0720
r1107,e0523
r1108,e0836
r1109,e0837
r1110,e0420
r1111,e0838
r1112,e0839
r1113,e0840
r1114,e0841
r1115,e0165
r1116,e0404
r1117,e0230
r1118,e0823
r1119,e0442
r1120,e0578
r1121,e0842
r1122,e0843
r1123,e0844
r1124,e0228
r1125,e0845
r1126,e0296
r1127,e0265
r1128,e0846
r1129,e0847
r1130,e0457
r1131,e0411
r1132,e0848
r1133,e0849
r1134,e0825
r1135,e0265
r1136,e0850
r1137,e0700
r1138,e0256
r1139,e0641
r1140,e0619
r1141,e0851
r1142,e0852
r1143,e0853
r1144,e0854
r1145,e0282
r1146,e0709
r1147,e0641
r1148,e0248
r1149,e0626
r1150,e0637
r1151,e0855
r1152,e0089
r1153,e0712
r1154,e0856
r1155,e0325
r1156,e0857
r1157,e0858
r1158,e0280
r1159,e0859
r1160,e0860
r1161,e0861
r1162,e0862
r1163,e0151
r1164,e0185
r1165,e0631
r1166,e0187
r1167,e0863
r1168,e0864
r1169,e0660
r1170,e0865
r1171,e0323
r1172,e0440
r1173,e0612
r1174,e0109
r1175,e0285
r1176,e0866
r1177,e0144
r1178,e0867
r1179,e0549
r1180,e0422
r1181,e0868
r1182,e0869
r1183,e0312
r1184,e0870
r1185,e0423
r1186,e0860
r1187,e0871
r1188,e0006
r1189,e0637
r1190,e0785
r1191,e0180
r1192,e0872
r1193,e0536
r1194,e0709
r1195,e0873
r1196,e0455
r1197,e0874
r1198,e0600
r1199,e0548
r1200,e0832
r1201,e0875
r1202,e0876
r1203,e0877
r1204,e0878
r1205,e0391
r1206,e0879
r1207,e0880
r1208,e0155
r1209,e0290
r1210,e0034
r1211,e0244
r1212,e0881
r1213,e0543
r1214,e0237
r1215,e0180
r1216,e0882
r1217,e0883
r1218,e0884
r1219,e0885
r1220,e0886
r1221,e0318
r1222,e0887
r1223,e0470
r1224,e0132
r1225,e0673
r1226,e0235
r1227,e0888
r1228,e0889
r1229,e0890
r1230,e0657
r1231,e0891
r1232,e0892
r1233,e0893
r1234,e0894
r1235,e0367
r1236,e0895
r1237,e0454
r1238,e0420
r1239,e0159
r1240,e0896
r1241,e0591
r1242,e0897
r1243,e0898
r1244,e0899
r1245,e0900
r1246,e0901
r1247,e0902
r1248,e0903
r1249,e0904
r1250,e0905
r1251,e0415
r1252,e0906
r1253,e0907
r1254,e0733
r1255,e0908
r1256,e0909
r1257,e0265
r1258,e0910
r1259,e0911
r1260,e0137
r1261,e0744
r1262,e0912
r1263,e0652
r1264,e0913
r1265,e0914
r1266,e0915
r1267,e0692
r1268,e0207
r1269,e0836
r1270,e0916
r1271,e0917
r1272,e0773
r1273,e0089
r1274,e0474
r1275,e0918
r1276,e0919
r1277,e0194
r1278,e0920
r1279,e0921
r1280,e0922
r1281,e0923
r1282,e0746
r1283,e0924
r1284,e0925
r1285,e0926
r1286,e0284
r1287,e0280
r1288,e0421
r1289,e0191
r1290,e0927
r1291,e0928
r1292,e0929
r1293,e0930
r1294,e0931
r1295,e0932
r1296,e0933
r1297,e0096
r1298,e0934
r1299,e0935
r1300,e0936
r1301,e0937
r1302,e0383
r1303,e0938
r1304,e0563
r1305,e0939
r1306,e0202
r1307,e0940
r1308,e0941
r1309,e0413
r1310,e0942
r1311,e0800
r1312,e0943
r1313,e0944
r1314,e0101
r1315,e0160
r1316,e0764
r1317,e0214
r1318,e0489
r1319,e0945
r1320,e0946
r1321,e0947
r1322,e0187
r1323,e0948
r1324,e0949
r1325,e0859
r1326,e0950
r1327,e0533
r1328,e0951
r1329,e0695
r1330,e0952
r1331,e0953
r1332,e0645
r1333,e0188
r1334,e0954
r1335,e0152
r1336,e0955
r1337,e0956
r1338,e0957
r1339,e0896
r1340,e0958
r1341,e0959
r1342,e0290
r1343,e0877
r1344,e0960
r1345,e0961
r1346,e0884
r1347,e0962
r1348,e0715
r1349,e0963
r1350,e0819
r1351,e0964
r1352,e0011
r1353,e0965
r1354,e0966
r1355,e0967
r1356,e0968
r1357,e0969
r1358,e0152
r1359,e0970
r1360,e0215
r1361,e0971
r1362,e0388
r1363,e0972
r1364,e0973
r1365,e0974
r1366,e0233
r1367,e0033
r1368,e0841
r1369,e0319
r1370,e0242
r1371,e0975
r1372,e0976
r1373,e0977
r1374,e0425
r1375,e0041
r1376,e0381
r1377,e0978
r1378,e0979
r1379,e0980
r1380,e0981
r1381,e0622
r1382,e0062
r1383,e0281
r1384,e0606
r1385,e0125
r1386,e0982
r1387,e0784
r1388,e0567
r1389,e0316
r1390,e0059
r1391,e0983
r1392,e0984
r1393,e0985
r1394,e0980
r1395,e0569
r1396,e0986
r1397,e0987
r1398,e0922
r1399,e0024
r1400,e0988
r1401,e0356
r1402,e0686
r1403,e0989
r1404,e0990
r1405,e0991
r1406,e0992
r1407,e0993
r1408,e0994
r1409,e0550
r1410,e0214
r1411,e0995
r1412,e0996
r1413,e0997
r1414,e0757
r1415,e0998
r1416,e0999
r1417,e1000
r1418,e1001
r1419,e0018
r1420,e1002
r1421,e1003
r1422,e1004
r1423,e1005
r1424,e1006
r1425,e1007
r1426,e1008
r1427,e1009
r1428,e0964
r1429,e1010
r1430,e0009
r1431,e0544
r1432,e1011
r1433,e0001
r1434,e0782
r1435,e1012
r1436,e1013
r1437,e1014
r1438,e0202
r1439,e1015
r1440,e0348
r1441,e1016
r1442,e0424
r1443,e1017
r1444,e0727
r1445,e0128
r1446,e0698
r1447,e0504
r1448,e1018
r1449,e0098
r1450,e1019
r1451,e0459
r1452,e0309
r1453,e0410
r1454,e1020
r1455,e1021
r1456,e0725
r1457,e0741
r1458,e1022
r1459,e1023
r1460,e0197
r1461,e0862
r1462,e0018
r1463,e1024
r1464,e0573
r1465,e1025
r1466,e0029
r1467,e1026
r1468,e1027
r1469,e0690
r1470,e0851
r1471,e0073
r1472,e0501
r1473,e0120
r1474,e0485
r1475,e0738
r1476,e0684
r1477,e1028
r1478,e0941
r1479,e0269
r1480,e1029
r1481,e1030
r1482,e0281
r1483,e1031
r1484,e0925
r1485,e1032
r1486,e0455
r1487,e0151
r1488,e1033
r1489,e1034
r1490,e1035
r1491,e1036
r1492,e0050
r1493,e0376
r1494,e1037
r1495,e0326
r1496,e1038
r1497,e0636
r1498,e1039
r1499,e1040
r1500,e1041
r1501,e0976
r1502,e0357
r1503,e1042
r1504,e0754
r1505,e1043
r1506,e0853
r1507,e1044
r1508,e1045
r1509,e0625
r1510,e1046
r1511,e1047
r1512,e1048
r1513,e0781
r1514,e0284
r1515,e0917
r1516,e0106
r1517,e0922
r1518,e1049
r1519,e0688
r1520,e1050
r1521,e0066
r1522,e0075
r1523,e1051
r1524,e0744
r1525,e1052
r1526,e0786
r1527,e1053
r1528,e1054
r1529,e1027
r1530,e0776
r1531,e1024
r1532,e1055
r1533,e1056
r1534,e0174
r1535,e0027
r1536,e0855
r1537,e1057
r1538,e1058
r1539,e1059
r1540,e0510
r1541,e0631
r1542,e1060
r1543,e1029
r1544,e0757
r1545,e0427
r1546,e0293
r1547,e0189
r1548,e0515
r1549,e1061
r1550,e0088
r1551,e0558
r1552,e1062
r1553,e1063
r1554,e0982
r1555,e1016
r1556,e0929
r1557,e0736
r1558,e1064
r1559,e1065
r1560,e1066
r1561,e1067
r1562,e0395
r1563,e0137
r1564,e1068
r1565,e0521
r1566,e0191
r1567,e0813
r1568,e1069
r1569,e0036
r1570,e1070
r1571,e1071
r1572,e1072
r1573,e0314
r1574,e1029
r1575,e0670
r1576,e1073
r1577,e1074
r1578,e1075
r1579,e1076
r1580,e1077
r1581,e1028
r1582,e0308
r1583,e1078
r1584,e1079
r1585,e0130
r1586,e1080
r1587,e1081
r1588,e0256
r1589,e1082
r1590,e1083
r1591,e0391
r1592,e1084
r1593,e0989
r1594,e1085
r1595,e0211
r1596,e0930
r1597,e0664
r1598,e1086
r1599,e0003
r1600,e0295
r1601,e1004
r1602,e1087
r1603,e1088
r1604,e0433
r1605,e1089
r1606,e1074
r1607,e1090
r1608,e0006
r1609,e1091
r1610,e1092
r1611,e1093
r1612,e1094
r1613,e0258
r1614,e0650
r1615,e1095
r1616,e0103
r1617,e1096
r1618,e1097
r1619,e1098
r1620,e0752
r1621,e0199
r1622,e0377
r1623,e0635
r1624,e0974
r1625,e1099
r1626,e1100
r1627,e1101
r1628,e0816
r1629,e1102
r1630,e1103
r1631,e1104
r1632,e0916
r1633,e0367
r1634,e0612
r1635,e0402
r1636,e0861
r1637,e0568
r1638,e1105
r1639,e0681
r1640,e1106
r1641,e0340
r1642,e0838
r1643,e1107
r1644,e0128
r1645,e1108
r1646,e1109
r1647,e1110
r1648,e0334
r1649,e1111
r1650,e0795
r1651,e0488
r1652,e0722
r1653,e0344
r1654,e1112
r1655,e0995
r1656,e1113
r1657,e0345
r1658,e1114
r1659,e1115
r1660,e1116
r1661,e0997
r1662,e0593
r1663,e0362
r1664,e1117
r1665,e1118
r1666,e0728
r1667,e0719
r1668,e0188
r1669,e0784
r1670,e1119
r1671,e1120
r1672,e1121
r1673,e1122
r1674,e0063
r1675,e1123
r1676,e0962
r1677,e1124
r1678,e1125
r1679,e0027
r1680,e1126
r1681,e0586
r1682,e1127
r1683,e1128
r1684,e0416
r1685,e0822
r1686,e1129
r1687,e0900
r1688,e1130
r1689,e1131
r1690,e0851
r1691,e1132
r1692,e0122
r1693,e0984
r1694,e0336
r1695,e0145
r1696,e1133
r1697,e1134
r1698,e1135
r1699,e1136
r1700,e1137
r1701,e0356
r1702,e1049
r1703,e1138
r1704,e1139
r1705,e0150
r1706,e0123
r1707,e0547
r1708,e0330
r1709,e1140
r1710,e0403
r1711,e1100
r1712,e1141
r1713,e1142
r1714,e1143
r1715,e1144
r1716,e1145
r1717,e1146
r1718,e1147
r1719,e0055
r1720,e0322
r1721,e1148
r1722,e1149
r1723,e0287
r1724,e1150
r1725,e1070
r1726,e1151
r1727,e1152
r1728,e1153
r1729,e1117
r1730,e1154
r1731,e1155
r1732,e1156
r1733,e1157
r1734,e1158
r1735,e0682
r1736,e0748
r1737,e1159
r1738,e1160
r1739,e0907
r1740,e0421
r1741,e1161
r1742,e0334
r1743,e0131
r1744,e1162
r1745,e1163
r1746,e0334
r1747,e1164
r1748,e1165
r1749,e1010
r1750,e1166
r1751,e0438
r1752,e0808
r1753,e0070
r1754,e0577
r1755,e0987
r1756,e0510
r1757,e0804
r1758,e0224
r1759,e0819
r1760,e1167
r1761,e0862
r1762,e0088
r1763,e1168
r1764,e0517
r1765,e1092
r1766,e0934
r1767,e1169
r1768,e0920
r1769,e1170
r1770,e0881
r1771,e0342
r1772,e1171
r1773,e0902
r1774,e0444
r1775,e1161
r1776,e0068
r1777,e0327
r1778,e0996
r1779,e0733
r1780,e0851
r1781,e0247
r1782,e0509
r1783,e0280
r1784,e0682
r1785,e0303
r1786,e0047
r1787,e0713
r1788,e1172
r1789,e1109
r1790,e0226
r1791,e0922
r1792,e1173
r1793,e0183
r1794,e0176
r1795,e0657
r1796,e0282
r1797,e0561
r1798,e0737
r1799,e0915
r1800,e1174
r1801,e1175
r1802,e1176
r1803,e0369
r1804,e1177
r1805,e0372
r1806,e1178
r1807,e1179
r1808,e0072
r1809,e1180
r1810,e0264
r1811,e1181
r1812,e1182
r1813,e0828
r1814,e0850
r1815,e1183
r1816,e1184
r1817,e0591
r1818,e1185
r1819,e1163
r1820,e0587
r1821,e1186
r1822,e0244
r1823,e0395
r1824,e1187
r1825,e0013
r1826,e0631
r1827,e0455
r1828,e1188
r1829,e0058
r1830,e0069
r1831,e0092
r1832,e0298
r1833,e0244
r1834,e1189
r1835,e1190
r1836,e1191
r1837,e1192
r1838,e0710
r1839,e0207
r1840,e0254
r1841,e0073
r1842,e0977
r1843,e0472
r1844,e0560
r1845,e1193
r1846,e1194
r1847,e0439
r1848,e0415
r1849,e1195
r1850,e0786
r1851,e1196
r1852,e1197
r1853,e0425
r1854,e0379
r1855,e1198
r1856,e1199
r1857,e1200
r1858,e0866
r1859,e1148
r1860,e0057
r1861,e0766
r1862,e0536
r1863,e1201
r1864,e0712
r1865,e0740
r1866,e1202
r1867,e0913
r1868,e0285
r1869,e1028
r1870,e0923
r1871,e0243
r1872,e1054
r1873,e1186
r1874,e1203
r1875,e1204
r1876,e0352
r1877,e1205
r1878,e0520
r1879,e0326
r1880,e1098
r1881,e1206
r1882,e1207
r1883,e0850
r1884,e0485
r1885,e0764
r1886,e0447
r1887,e0484
r1888,e1208
r1889,e1209
r1890,e0880
r1891,e0369
r1892,e1210
r1893,e0994
r1894,e0628
r1895,e0527
r1896,e1038
r1897,e0980
r1898,e0804
r1899,e1211
r1900,e0728
r1901,e1117
r1902,e1212
r1903,e1110
r1904,e0310
r1905,e0710
r1906,e1213
r1907,e0400
r1908,e1214
r1909,e1212
r1910,e1215
r1911,e1216
r1912,e1217
r1913,e1218
r1914,e0503
r1915,e0584
r1916,e0784
r1917,e1219
r1918,e1063
r1919,e0628
r1920,e1220
r1921,e0958
r1922,e0506
r1923,e0047
r1924,e1161
r1925,e0847
r1926,e0179
r1927,e0574
r1928,e1221
r1929,e1222
r1930,e1223
r1931,e0276
r1932,e1224
r1933,e0411
r1934,e0062
r1935,e1225
r1936,e1226
r1937,e1227
r1938,e1228
r1939,e1229
r1940,e1230
r1941,e1231
r1942,e0587
r1943,e0497
r1944,e1232
r1945,e0501
r1946,e1233
r1947,e1234
r1948,e1235
r1949,e0548
r1950,e0121
r1951,e1088
r1952,e0040
r1953,e1099
r1954,e0148
r1955,e0689
r1956,e1236
r1957,e0896
r1958,e0597
r1959,e0800
r1960,e0670
r1961,e1001
r1962,e1093
r1963,e0217
r1964,e0144
r1965,e0812
r1966,e1237
r1967,e0555
r1968,e0420
r1969,e1238
r1970,e0588
r1971,e0588
r1972,e0417
r1973,e0332
r1974,e1239
r1975,e0100
r1976,e1240
r1977,e1241
r1978,e0270
r1979,e1044
r1980,e1242
r1981,e0278
r1982,e0010
r1983,e0314
r1984,e1165
r1985,e1243
r1986,e0311
r1987,e1244
r1988,e0267
r1989,e1245
r1990,e0449
r1991,e1246
r1992,e0157
r1993,e0753
r1994,e1247
r1995,e1248
r1996,e1249
r1997,e0259
r1998,e1250
r1999,e1251
r2000,e1252
r2001,e1253
r2002,e0758
r2003,e1254
r2004,e1255
r2005,e1256
r2006,e0773
r2007,e1257
r2008,e1258
r2009,e1259
r2010,e0732
r2011,e0327
r2012,e1195
r2013,e1139
r2014,e1260
r2015,e1261
r2016,e1262
r2017,e0925
r2018,e1263
r2019,e0381
r2020,e0485
r2021,e1264
r2022,e0773
r2023,e1012
r2024,e0083
r2025,e0283
r2026,e0832
r2027,e1265
r2028,e0556
r2029,e0425
r2030,e0178
r2031,e0811
r2032,e0042
r2033,e0822
r2034,e0043
r2035,e0310
r2036,e0106
r2037,e0574
r2038,e1236
r2039,e1266
r2040,e1267
r2041,e1268
r2042,e0262
r2043,e1269
r2044,e0282
r2045,e1139
r2046,e0495
r2047,e1076
r2048,e0873
r2049,e1270
r2050,e1201
r2051,e0365
r2052,e1271
r2053,e1272
r2054,e0064
r2055,e1273
r2056,e0040
r2057,e0340
r2058,e1274
r2059,e1275
r2060,e1276
r2061,e1277
r2062,e0549
r2063,e0082
r2064,e1278
r2065,e1279
r2066,e1280
r2067,e1281
r2068,e0347
r2069,e0815
r2070,e1282
r2071,e0171
r2072,e1283
r2073,e0144
r2074,e0385
r2075,e0752
r2076,e0592
r2077,e0880
r2078,e1220
r2079,e1175
r2080,e0389
r2081,e0849
r2082,e1141
r2083,e1284
r2084,e0621
r2085,e1203
r2086,e1201
r2087,e1285
r2088,e1102
r2089,e0858
r2090,e1286
r2091,e0696
r2092,e1287
r2093,e0711
r2094,e0115
r2095,e1288
r2096,e1289
r2097,e0338
r2098,e0755
r2099,e1290
r2100,e0995
r2101,e0122
r2102,e0099
r2103,e1161
r2104,e1291
r2105,e1292
r2106,e0938
r2107,e1293
r2108,e1268
r2109,e0629
r2110,e0627
r2111,e1294
r2112,e0521
r2113,e1295
r2114,e0185
r2115,e1296
r2116,e1297
r2117,e0328
r2118,e1298
r2119,e1299
r2120,e0873
r2121,e1300
r2122,e0744
r2123,e0644
r2124,e0190
r2125,e0751
r2126,e1301
r2127,e0479
r2128,e1302
r2129,e1303
r2130,e1304
r2131,e0347
r2132,e1178
r2133,e1305
r2134,e1242
r2135,e0251
r2136,e0399
r2137,e0603
r2138,e0173
r2139,e1306
r2140,e1307
r2141,e1308
r2142,e1025
r2143,e1309
r2144,e0483
r2145,e1310
r2146,e0256
r2147,e1210
r2148,e1128
r2149,e1311
r2150,e0503
r2151,e0384
r2152,e1312
r2153,e1175
r2154,e1313
r2155,e0161
r2156,e0997
r2157,e0982
r2158,e1314
r2159,e0197
r2160,e1315
r2161,e0274
r2162,e1316
r2163,e0784
r2164,e1317
r2165,e1036
r2166,e0575
r2167,e0066
r2168,e0600
r2169,e1318
r2170,e1319
r2171,e0623
r2172,e0288
r2173,e1093
r2174,e1320
r2175,e1321
r2176,e1322
r2177,e1323
r2178,e0686
r2179,e1324
r2180,e1325
r2181,e0447
r2182,e0782
r2183,e1326
r2184,e0843
r2185,e0767
r2186,e1314
r2187,e0121
r2188,e0309
r2189,e0148
r2190,e1327
r2191,e0993
r2192,e1328
r2193,e0080
r2194,e1329
r2195,e1050
r2196,e0067
r2197,e0471
r2198,e0773
r2199,e1330
r2200,e0271
r2201,e0933
r2202,e1331
r2203,e1332
r2204,e0859
r2205,e0128
r2206,e1333
r2207,e1334
r2208,e1335
r2209,e0676
r2210,e1204
r2211,e0289
r2212,e1091
r2213,e1336
r2214,e1181
r2215,e1337
r2216,e0156
r2217,e0265
r2218,e1133
r2219,e0321
r2220,e1338
r2221,e1056
r2222,e0663
r2223,e0063
r2224,e0308
r2225,e1014
r2226,e0917
r2227,e1339
r2228,e1146
r2229,e1340
r2230,e0913
r2231,e0664
r2232,e0184
r2233,e0359
r2234,e0975
r2235,e1341
r2236,e1342
r2237,e1153
r2238,e1343
r2239,e0180
r2240,e0717
r2241,e1222
r2242,e1250
r2243,e0426
r2244,e1268
r2245,e0388
r2246,e0073
r2247,e1344
r2248,e0511
r2249,e1345
r2250,e1346
r2251,e1347
r2252,e1348
r2253,e0594
r2254,e1234
r2255,e0308
r2256,e0687
r2257,e0731
r2258,e1077
r2259,e1214
r2260,e1349
r2261,e0023
r2262,e1350
r2263,e0575
r2264,e0517
r2265,e1351
r2266,e1352
r2267,e0418
r2268,e1151
r2269,e0485
r2270,e0225
r2271,e1353
r2272,e0968
r2273,e1354
r2274,e0119
r2275,e1355
r2276,e0211
r2277,e1356
r2278,e1357
r2279,e1358
r2280,e0047
r2281,e1109
r2282,e1359
r2283,e0077
r2284,e1360
r2285,e1361
r2286,e0499
r2287,e1362
r2288,e0564
r2289,e1189
r2290,e0337
r2291,e0673
r2292,e0469
r2293,e1144
r2294,e1097
r2295,e0226
r2296,e1332
r2297,e1189
r2298,e0743
r2299,e1363
r2300,e1220
r2301,e0159
r2302,e1224
r2303,e0325
r2304,e0228
r2305,e1044
r2306,e1098
r2307,e0402
r2308,e1364
r2309,e1365
r2310,e1366
r2311,e1367
r2312,e0517
r2313,e1368
r2314,e0564
r2315,e0320
r2316,e1369
r2317,e1370
r2318,e0891
r2319,e0522
r2320,e1371
r2321,e1372
r2322,e1373
r2323,e1304
r2324,e0212
r2325,e0270
r2326,e0873
r2327,e0996
r2328,e0374
r2329,e0191
r2330,e0218
r2331,e1374
r2332,e1375
r2333,e1376
r2334,e0046
r2335,e0695
r2336,e0831
r2337,e0284
r2338,e1163
r2339,e1377
r2340,e0985
r2341,e0230
r2342,e1313
r2343,e1378
r2344,e1332
r2345,e0124
r2346,e1379
r2347,e1380
r2348,e0967
r2349,e1381
r2350,e1382
r2351,e0091
r2352,e1383
r2353,e1121
r2354,e0948
r2355,e1242
r2356,e0258
r2357,e1074
r2358,e0259
r2359,e1170
r2360,e0522
r2361,e1384
r2362,e0967
r2363,e1385
r2364,e1386
r2365,e1387
r2366,e0503
r2367,e0122
r2368,e1388
r2369,e1389
r2370,e0634
r2371,e1390
r2372,e1391
r2373,e0487
r2374,e1392
r2375,e1393
r2376,e1369
r2377,e0873
r2378,e0707
r2379,e1394
r2380,e0689
r2381,e1395
r2382,e1341
r2383,e0272
r2384,e0780
r2385,e0728
r2386,e0237
r2387,e0494
r2388,e0470
r2389,e0528
r2390,e0548
r2391,e1396
r2392,e0570
r2393,e0172
r2394,e0659
r2395,e1397
r2396,e1000
r2397,e0611
r2398,e1398
r2399,e1315
r2400,e1399
r2401,e0636
r2402,e1384
r2403,e0495
r2404,e1400
r2405,e0187
r2406,e1401
r2407,e0658
r2408,e0843
r2409,e1402
r2410,e0792
r2411,e0655
r2412,e0383
r2413,e1403
r2414,e1404
r2415,e0822
r2416,e1405
r2417,e1355
r2418,e1119
r2419,e0801
r2420,e1337
r2421,e0974
r2422,e1406
r2423,e1407
r2424,e1408
r2425,e1315
r2426,e1409
r2427,e0750
r2428,e1410
r2429,e1168
r2430,e1214
r2431,e0023
r2432,e0375
r2433,e0183
r2434,e1411
r2435,e0770
r2436,e0704
r2437,e1412
r2438,e1144
r2439,e0534
r2440,e1413
r2441,e0292
r2442,e1181
r2443,e1414
r2444,e0430
r2445,e0374
r2446,e0728
r2447,e1316
r2448,e1415
r2449,e0876
r2450,e1416
r2451,e1417
r2452,e1214
r2453,e0912
r2454,e1418
r2455,e1419
r2456,e1340
r2457,e1420
r2458,e1421
r2459,e1422
r2460,e1423
r2461,e1195
r2462,e1263
r2463,e0894
r2464,e1424
r2465,e0001
r2466,e0863
r2467,e0816
r2468,e1343
r2469,e1342
r2470,e1030
r2471,e0173
r2472,e1425
r2473,e0238
r2474,e0275
r2475,e0131
r2476,e0901
r2477,e1208
r2478,e0587
r2479,e1426
r2480,e0922
r2481,e0340
r2482,e1077
r2483,e0283
r2484,e1427
r2485,e1242
r2486,e1428
r2487,e0184
r2488,e1429
r2489,e0902
r2490,e1430
r2491,e1431
r2492,e1432
r2493,e1433
r2494,e0617
r2495,e1434
r2496,e0912
r2497,e1435
r2498,e1436
r2499,e0861
r2500,e0663
r2501,e1437
r2502,e1438
r2503,e0238
r2504,e0673
r2505,e0051
r2506,e1439
r2507,e0769
r2508,e1440
r2509,e0250
r2510,e0491
r2511,e1427
r2512,e0063
r2513,e0132
r2514,e0569
r2515,e0906
r2516,e0735
r2517,e1222
r2518,e1344
r2519,e1441
r2520,e1442
r2521,e0888
r2522,e0185
r2523,e1443
r2524,e0127
r2525,e1444
r2526,e1445
r2527,e1446
r2528,e0145
r2529,e0940
r2530,e1447
r2531,e1305
r2532,e0927
r2533,e1448
r2534,e0695
r2535,e0903
r2536,e0711
r2537,e1449
r2538,e1187
r2539,e1139
r2540,e0975
r2541,e0304
r2542,e0940
r2543,e1285
r2544,e1450
r2545,e0444
r2546,e0186
r2547,e0241
r2548,e0514
r2549,e1375
r2550,e0029
r2551,e1451
r2552,e1252
r2553,e1000
r2554,e0426
r2555,e0872
r2556,e1371
r2557,e0422
r2558,e0958
r2559,e0690
r2560,e0991
r2561,e0238
r2562,e0368
r2563,e0828
r2564,e0659
r2565,e1452
r2566,e0867
r2567,e1453
r2568,e0359
r2569,e0288
r2570,e0663
r2571,e0242
r2572,e1454
r2573,e0283
r2574,e1455
r2575,e1456
r2576,e0147
r2577,e0143
r2578,e0464
r2579,e0732
r2580,e0362
r2581,e1457
r2582,e0225
r2583,e0190
r2584,e0255
r2585,e1052
r2586,e1458
r2587,e0323
r2588,e1459
r2589,e1460
r2590,e0272
r2591,e0140
r2592,e0637
r2593,e1130
r2594,e1461
r2595,e0524
r2596,e1457
r2597,e0189
r2598,e1416
r2599,e0577
r2600,e0009
r2601,e1462
r2602,e0298
r2603,e0103
r2604,e1091
r2605,e0882
r2606,e0784
r2607,e0932
r2608,e0871
r2609,e1463
r2610,e1328
r2611,e0013
r2612,e0792
r2613,e1464
r2614,e1465
r2615,e1118
r2616,e1296
r2617,e0623
r2618,e0628
r2619,e1466
r2620,e0206
r2621,e1467
r2622,e1468
r2623,e0755
r2624,e0029
r2625,e1469
r2626,e0008
r2627,e0298
r2628,e0196
r2629,e0782
r2630,e1470
r2631,e0042
r2632,e1471
r2633,e1147
r2634,e1472
r2635,e0332
r2636,e0968
r2637,e1473
r2638,e1474
r2639,e1359
r2640,e1475
r2641,e1476
r2642,e1213
r2643,e1477
r2644,e1423
r2645,e1478
r2646,e1479
r2647,e0286
r2648,e0131
r2649,e1480
r2650,e1279
r2651,e0996
r2652,e0828
r2653,e0712
r2654,e1481
r2655,e0217
r2656,e1482
r2657,e0993
r2658,e1483
r2659,e1484
r2660,e0572
r2661,e0018
r2662,e0045
r2663,e1485
r2664,e0154
r2665,e1486
r2666,e0655
r2667,e0938
r2668,e0131
r2669,e0964
r2670,e0619
r2671,e0230
r2672,e0310
r2673,e1487
r2674,e0118
r2675,e0275
r2676,e0539
r2677,e0637
r2678,e1488
r2679,e0629
r2680,e1489
r2681,e0183
r2682,e0369
r2683,e1490
r2684,e0224
r2685,e0797
r2686,e0998
r2687,e1491
r2688,e0746
r2689,e1120
r2690,e1492
r2691,e0539
r2692,e1493
r2693,e1494
r2694,e0157
r2695,e0745
r2696,e0192
r2697,e1365
r2698,e1495
r2699,e0689
r2700,e1100
r2701,e0788
r2702,e0957
r2703,e0816
r2704,e1496
r2705,e1288
r2706,e1189
r2707,e1497
r2708,e1033
r2709,e1128
r2710,e0282
r2711,e1498
r2712,e1265
r2713,e1002
r2714,e1499
r2715,e0389
r2716,e1500
r2717,e0122
r2718,e0545
r2719,e1501
r2720,e1090
r2721,e0179
r2722,e0822
r2723,e0627
r2724,e1502
r2725,e1503
r2726,e1504
r2727,e0827
r2728,e0363
r2729,e1505
r2730,e1506
r2731,e1507
r2732,e1508
r2733,e1101
r2734,e0057
r2735,e1217
r2736,e1509
r2737,e1337
r2738,e0571
r2739,e1510
r2740,e0747
r2741,e1456
r2742,e0902
r2743,e0581
r2744,e0642
r2745,e0872
r2746,e0999
r2747,e1321
r2748,e1164
r2749,e1229
r2750,e1371
r2751,e0417
r2752,e0053
r2753,e1289
r2754,e0348
r2755,e1337
r2756,e1161
r2757,e1201
r2758,e1222
r2759,e0542
r2760,e0779
r2761,e1044
r2762,e0479
r2763,e1511
r2764,e1512
r2765,e0404
r2766,e1513
r2767,e0615
r2768,e1514
r2769,e0900
r2770,e1515
r2771,e1086
r2772,e1516
r2773,e0034
r2774,e0046
r2775,e1064
r2776,e0513
r2777,e1517
r2778,e1518
r2779,e0967
r2780,e1519
r2781,e1194
r2782,e1520
r2783,e1510
r2784,e1521
r2785,e0355
r2786,e0062
r2787,e1522
r2788,e1523
r2789,e0151
r2790,e0515
r2791,e1524
r2792,e0312
r2793,e1525
r2794,e0406
r2795,e0662
r2796,e0570
r2797,e1526
r2798,e0340
r2799,e1153
r2800,e0569
r2801,e1527
r2802,e1063
r2803,e0568
r2804,e1528
r2805,e1529
r2806,e1530
r2807,e0363
r2808,e0415
r2809,e0338
r2810,e0111
r2811,e1120
r2812,e1020
r2813,e0823
r2814,e0015
r2815,e1148
r2816,e1531
r2817,e0823
r2818,e1532
r2819,e0746
r2820,e0941
r2821,e0428
r2822,e1533
r2823,e1409
r2824,e0743
r2825,e1212
r2826,e1534
r2827,e1535
r2828,e0895
r2829,e0938
r2830,e0118
r2831,e0218
r2832,e1201
r2833,e0839
r2834,e1536
r2835,e0732
r2836,e1354
r2837,e1537
r2838,e0021
r2839,e1538
r2840,e0500
r2841,e0696
r2842,e1539
r2843,e0125
r2844,e1072
r2845,e1540
r2846,e1175
r2847,e1541
r2848,e0155
r2849,e1419
r2850,e0460
r2851,e1542
r2852,e0204
r2853,e0963
r2854,e0106
r2855,e1543
r2856,e0636
r2857,e1544
r2858,e0445
r2859,e1545
r2860,e1264
r2861,e0550
r2862,e1385
r2863,e0432
r2864,e0888
r2865,e0375
r2866,e0570
r2867,e1508
r2868,e0951
r2869,e0191
r2870,e0179
r2871,e0860
r2872,e1327
r2873,e1075
r2874,e0276
r2875,e0035
r2876,e0657
r2877,e1546
r2878,e1547
r2879,e0218
r2880,e0107
r2881,e0365
r2882,e0589
r2883,e1548
r2884,e1549
r2885,e1024
r2886,e1534
r2887,e1550
r2888,e0164
r2889,e0660
r2890,e0513
r2891,e0178
r2892,e1551
r2893,e1108
r2894,e1552
r2895,e0953
r2896,e0474
r2897,e0888
r2898,e1094
r2899,e0986
r2900,e0103
r2901,e0333
r2902,e0702
r2903,e1218
r2904,e1122
r2905,e0322
r2906,e0013
r2907,e1517
r2908,e0316
r2909,e0470
r2910,e0993
r2911,e0319
r2912,e1311
r2913,e0957
r2914,e0243
r2915,e1503
r2916,e0081
r2917,e0581
r2918,e0963
r2919,e1553
r2920,e1554
r2921,e0895
r2922,e0935
r2923,e0804
r2924,e1555
r2925,e1542
r2926,e0433
r2927,e1242
r2928,e0085
r2929,e0166
r2930,e0549
r2931,e0508
r2932,e0700
r2933,e1130
r2934,e0192
r2935,e1556
r2936,e0231
r2937,e1037
r2938,e0132
r2939,e0473
r2940,e1395
r2941,e1557
r2942,e1286
r2943,e1558
r2944,e1102
r2945,e0232
r2946,e0137
r2947,e1053
r2948,e1559
r2949,e1266
r2950,e1087
r2951,e1560
r2952,e0364
r2953,e0520
r2954,e1431
r2955,e1258
r2956,e1118
r2957,e0388
r2958,e0591
r2959,e0626
r2960,e1561
r2961,e0720
r2962,e1562
r2963,e1349
r2964,e0659
r2965,e1064
r2966,e0707
r2967,e0204
r2968,e1379
r2969,e1053
r2970,e0036
r2971,e0519
r2972,e0944
r2973,e1563
r2974,e1564
r2975,e1565
r2976,e0481
r2977,e1356
r2978,e0042
r2979,e0650
r2980,e1566
r2981,e1567
r2982,e0674
r2983,e1568
r2984,e0637
r2985,e1214
r2986,e1407
r2987,e1569
r2988,e1570
r2989,e1569
r2990,e1571
r2991,e0699
r2992,e0053
r2993,e0418
r2994,e1572
r2995,e0616
r2996,e1573
r2997,e0353
r2998,e0662
r2999,e0479
r3000,e1574
r3001,e1274
r3002,e0619
r3003,e1575
r3004,e1576
r3005,e0224
r3006,e1577
r3007,e0794
r3008,e0129
r3009,e0697
r3010,e1488
r3011,e1578
r3012,e0535
r3013,e1469
r3014,e0377
r3015,e0877
r3016,e0256
r3017,e0028
r3018,e1579
r3019,e1580
r3020,e1189
r3021,e1188
r3022,e0165
r3023,e0843
r3024,e1324
r3025,e0341
r3026,e1581
r3027,e0120
r3028,e1343
r3029,e1582
r3030,e1240
r3031,e1583
r3032,e0064
r3033,e1584
r3034,e1067
r3035,e1585
r3036,e0852
r3037,e0194
r3038,e1586
r3039,e1587
r3040,e1137
r3041,e1096
r3042,e0540
r3043,e1355
r3044,e0686
r3045,e1193
r3046,e1566
r3047,e0089
r3048,e0990
r3049,e1588
r3050,e0720
r3051,e0816
r3052,e0963
r3053,e0956
r3054,e0462
r3055,e0265
r3056,e1589
r3057,e1434
r3058,e0657
r3059,e0751
r3060,e1585
r3061,e1590
r3062,e1318
r3063,e1401
r3064,e0238
r3065,e0506
r3066,e0781
r3067,e1302
r3068,e0014
r3069,e1591
r3070,e0100
r3071,e0830
r3072,e0646
r3073,e1475
r3074,e1586
r3075,e0804
r3076,e0646
r3077,e0157
r3078,e1124
r3079,e0867
r3080,e1314
r3081,e1592
r3082,e1578
r3083,e1593
r3084,e0491
r3085,e1594
r3086,e1595
r3087,e0786
r3088,e0702
r3089,e1359
r3090,e1596
r3091,e1321
r3092,e1289
r3093,e1543
r3094,e1597
r3095,e0335
r3096,e1099
r3097,e0864
r3098,e1347
r3099,e0414
r3100,e1598
r3101,e1426
r3102,e1122
r3103,e1599
r3104,e0054
r3105,e0196
r3106,e0043
r3107,e1600
r3108,e0169
r3109,e1601
r3110,e0934
r3111,e0567
r3112,e0943
r3113,e1148
r3114,e1602
r3115,e1418
r3116,e0107
r3117,e1603
r3118,e1069
r3119,e0211
r3120,e1604
r3121,e1562
r3122,e1605
r3123,e1509
r3124,e1606
r3125,e1389
r3126,e0115
r3127,e1237
r3128,e0792
r3129,e0276
r3130,e0340
r3131,e0062
r3132,e1607
r3133,e1606
r3134,e1581
r3135,e1311
r3136,e0270
r3137,e0678
r3138,e1119
r3139,e0733
r3140,e1608
r3141,e0499
r3142,e0815
r3143,e1452
r3144,e1057
r3145,e1181
r3146,e1279
r3147,e1425
r3148,e1122
r3149,e0418
r3150,e1595
r3151,e1609
r3152,e1610
r3153,e0413
r3154,e0940
r3155,e0362
r3156,e0573
r3157,e0300
r3158,e0586
r3159,e0369
r3160,e1127
r3161,e1611
r3162,e1100
r3163,e0315
r3164,e1445
r3165,e1612
r3166,e1179
r3167,e1613
r3168,e0969
r3169,e0264
r3170,e0015
r3171,e1614
r3172,e0032
r3173,e1615
r3174,e1616
r3175,e1356
r3176,e0420
r3177,e0021
r3178,e0142
r3179,e0174
r3180,e0447
r3181,e0600
r3182,e1617
r3183,e0510
r3184,e0700
r3185,e1406
r3186,e0724
r3187,e1258
r3188,e1380
r3189,e1618
r3190,e1619
r3191,e1620
r3192,e1621
r3193,e0375
r3194,e1053
r3195,e0364
r3196,e1103
r3197,e1622
r3198,e0438
r3199,e1623
r3200,e0969
r3201,e0585
r3202,e1624
r3203,e1625
r3204,e1382
r3205,e0165
r3206,e0150
r3207,e0281
r3208,e0432
r3209,e1053
r3210,e0777
r3211,e1440
r3212,e0755
r3213,e1626
r3214,e1627
r3215,e0497
r3216,e0743
r3217,e1254
r3218,e1628
r3219,e1351
r3220,e1629
r3221,e0429
r3222,e1630
r3223,e1631
r3224,e0188
r3225,e0155
r3226,e1289
r3227,e1632
r3228,e1327
r3229,e0015
r3230,e0439
r3231,e1633
r3232,e1592
r3233,e0088
r3234,e1634
r3235,e1635
r3236,e1087
r3237,e1220
r3238,e0923
r3239,e0797
r3240,e0037
r3241,e1636
r3242,e0575
r3243,e1559
r3244,e1637
r3245,e1638
r3246,e0083
r3247,e0855
r3248,e0665
r3249,e0757
r3250,e0167
r3251,e1093
r3252,e0915
r3253,e0075
r3254,e0663
r3255,e1639
r3256,e1625
r3257,e0629
r3258,e0443
r3259,e1640
r3260,e0292
r3261,e0188
r3262,e1641
r3263,e1642
r3264,e0156
r3265,e1321
r3266,e1306
r3267,e0686
r3268,e1561
r3269,e0157
r3270,e0255
r3271,e0652
r3272,e0689
r3273,e0748
r3274,e1643
r3275,e0465
r3276,e1301
r3277,e1588
r3278,e1644
r3279,e1645
r3280,e0272
r3281,e0036
r3282,e1174
r3283,e0166
r3284,e1646
r3285,e0591
r3286,e0323
r3287,e0053
r3288,e1164
r3289,e0002
r3290,e1647
r3291,e0826
r3292,e0780
r3293,e0483
r3294,e1648
r3295,e0577
r3296,e0099
r3297,e0916
r3298,e1044
r3299,e1649
r3300,e0966
r3301,e0519
r3302,e1650
r3303,e1284
r3304,e0050
r3305,e0702
r3306,e1651
r3307,e1522
r3308,e0532
r3309,e1652
r3310,e1653
r3311,e0549
r3312,e0042
r3313,e1209
r3314,e1654
r3315,e0287
r3316,e0963
r3317,e0165
r3318,e1655
r3319,e0073
r3320,e1656
r3321,e0091
r3322,e0199
r3323,e0285
r3324,e1657
r3325,e0483
r3326,e1561
r3327,e0926
r3328,e1658
r3329,e1659
r3330,e0391
r3331,e1660
r3332,e1661
r3333,e1396
r3334,e0059
r3335,e1662
r3336,e0081
r3337,e1457
r3338,e1543
r3339,e1311
r3340,e1020
r3341,e0212
r3342,e0776
r3343,e1663
r3344,e1664
r3345,e1665
r3346,e1666
r3347,e1667
r3348,e0593
r3349,e0813
r3350,e0044
r3351,e1471
r3352,e1588
r3353,e1668
r3354,e1338
r3355,e0406
r3356,e1669
r3357,e1670
r3358,e1671
r3359,e1672
r3360,e1438
r3361,e0525
r3362,e0792
r3363,e0266
r3364,e1263
r3365,e0681
r3366,e0091
r3367,e0738
r3368,e0504
r3369,e1485
r3370,e0234
r3371,e0233
r3372,e1511
r3373,e0751
r3374,e1015
r3375,e0240
r3376,e0506
r3377,e1566
r3378,e1356
r3379,e1375
r3380,e1111
r3381,e0731
r3382,e0321
r3383,e0714
r3384,e0523
r3385,e0786
r3386,e0571
r3387,e0707
r3388,e1150
r3389,e0824
r3390,e0941
r3391,e0844
r3392,e0429
r3393,e1673
r3394,e1674
r3395,e0515
r3396,e0507
r3397,e1075
r3398,e1675
r3399,e1360
r3400,e1254
r3401,e1676
r3402,e1077
r3403,e1526
r3404,e0470
r3405,e1677
r3406,e0511
r3407,e1678
r3408,e0560
r3409,e1654
r3410,e1679
r3411,e1680
r3412,e0900
r3413,e0536
r3414,e1359
r3415,e0532
r3416,e0268
r3417,e1681
r3418,e0593
r3419,e1682
r3420,e1683
r3421,e1684
r3422,e1101
r3423,e0938
r3424,e0029
r3425,e0966
r3426,e0304
r3427,e1460
r3428,e0537
r3429,e0326
r3430,e1094
r3431,e1384
r3432,e1275
r3433,e1456
r3434,e0628
r3435,e0430
r3436,e0930
r3437,e1685
r3438,e0256
r3439,e0284
r3440,e0300
r3441,e0967
r3442,e0544
r3443,e1276
r3444,e1025
r3445,e1686
r3446,e1687
r3447,e0378
r3448,e1254
r3449,e0549
r3450,e0650
r3451,e1355
r3452,e0056
r3453,e1688
r3454,e0266
r3455,e0040
r3456,e1213
r3457,e0836
r3458,e0359
r3459,e0778
r3460,e1689
r3461,e1474
r3462,e1690
r3463,e1432
r3464,e0214
r3465,e0732
r3466,e1610
r3467,e0555
r3468,e0095
r3469,e0427
r3470,e0543
r3471,e0433
r3472,e0707
r3473,e1314
r3474,e1691
r3475,e0462
r3476,e1586
r3477,e0630
r3478,e1491
r3479,e1692
r3480,e1693
r3481,e0049
r3482,e1694
r3483,e1695
r3484,e1298
r3485,e0521
r3486,e1696
r3487,e0417
r3488,e1099
r3489,e1369
r3490,e1339
r3491,e1697
r3492,e1698
r3493,e0899
r3494,e0819
r3495,e1087
r3496,e0002
r3497,e0471
r3498,e0812
r3499,e1699
r3500,e1121
r3501,e1508
r3502,e1438
r3503,e1700
r3504,e1153
r3505,e1701
r3506,e1606
r3507,e0445
r3508,e0648
r3509,e1702
r3510,e0515
r3511,e0993
r3512,e1677
r3513,e0684
r3514,e1703
r3515,e0525
r3516,e1485
r3517,e0078
r3518,e1704
r3519,e0411
r3520,e1705
r3521,e1318
r3522,e1403
r3523,e1706
r3524,e1707
r3525,e0470
r3526,e0798
r3527,e0546
r3528,e0635
r3529,e0944
r3530,e1708
r3531,e1709
r3532,e1036
r3533,e1710
r3534,e1711
r3535,e1610
r3536,e0988
r3537,e0588
r3538,e0719
r3539,e0828
r3540,e1089
r3541,e0511
r3542,e1212
r3543,e0779
r3544,e1626
r3545,e1712
r3546,e0388
r3547,e0207
r3548,e1533
r3549,e1265
r3550,e1713
r3551,e0174
r3552,e1714
r3553,e0752
r3554,e0571
r3555,e0624
r3556,e0834
r3557,e1403
r3558,e1617
r3559,e1337
r3560,e0035
r3561,e1181
r3562,e1700
r3563,e1092
r3564,e1024
r3565,e0194
r3566,e1715
r3567,e0692
r3568,e0055
r3569,e1716
r3570,e0128
r3571,e1571
r3572,e1174
r3573,e1717
r3574,e0709
r3575,e1103
r3576,e1718
r3577,e0418
r3578,e1719
r3579,e0131
r3580,e1360
r3581,e1720
r3582,e1213
r3583,e1721
r3584,e0988
r3585,e1722
r3586,e1654
r3587,e0508
r3588,e0434
r3589,e0828
r3590,e1006
r3591,e0244
r3592,e0359
r3593,e0452
r3594,e0266
r3595,e1605
r3596,e1723
r3597,e0107
r3598,e0550
r3599,e0581
r3600,e1724
r3601,e0900
r3602,e0484
r3603,e0559
r3604,e0474
r3605,e0793
r3606,e0377
r3607,e0448
r3608,e0430
r3609,e0047
r3610,e0421
r3611,e1268
r3612,e1266
r3613,e1363
r3614,e1709
r3615,e0157
r3616,e1725
r3617,e0423
r3618,e1080
r3619,e1726
r3620,e0379
r3621,e1727
r3622,e0729
r3623,e0914
r3624,e1728
r3625,e1729
r3626,e1730
r3627,e0859
r3628,e0345
r3629,e1731
r3630,e0736
r3631,e0418
r3632,e0091
r3633,e1055
r3634,e0037
r3635,e1285
r3636,e0684
r3637,e1732
r3638,e0681
r3639,e0074
r3640,e1733
r3641,e1734
r3642,e1061
r3643,e1033
r3644,e1735
r3645,e0419
r3646,e1569
r3647,e1736
r3648,e0504
r3649,e1737
r3650,e0684
r3651,e1738
r3652,e1028
r3653,e1739
r3654,e1109
r3655,e0211
r3656,e1740
r3657,e0712
r3658,e0143
r3659,e0970
r3660,e1351
r3661,e1439
r3662,e0345
r3663,e1271
r3664,e0967
r3665,e1741
r3666,e0056
r3667,e0060
r3668,e1344
r3669,e0851
r3670,e0044
r3671,e0572
r3672,e0574
r3673,e0674
r3674,e1195
r3675,e1496
r3676,e0330
r3677,e1742
r3678,e1266
r3679,e0625
r3680,e0861
r3681,e1743
r3682,e0097
r3683,e0143
r3684,e0544
r3685,e0715
r3686,e0516
r3687,e1277
r3688,e1710
r3689,e0328
r3690,e1744
r3691,e0994
r3692,e1745
r3693,e1509
r3694,e1474
r3695,e0186
r3696,e0611
r3697,e1746
r3698,e0468
r3699,e0353
r3700,e0023
r3701,e0696
r3702,e0010
r3703,e0066
r3704,e0882
r3705,e0912
r3706,e0382
r3707,e1651
r3708,e1747
r3709,e0512
r3710,e0072
r3711,e1748
r3712,e1749
r3713,e1236
r3714,e1750
r3715,e0730
r3716,e1143
r3717,e1751
r3718,e1752
r3719,e0621
r3720,e1753
r3721,e1080
r3722,e1754
r3723,e1165
r3724,e0824
r3725,e1755
r3726,e0237
r3727,e0362
r3728,e0744
r3729,e0080
r3730,e0548
r3731,e1756
r3732,e0570
r3733,e1757
r3734,e1431
r3735,e0646
r3736,e1375
r3737,e1758
r3738,e1153
r3739,e1215
r3740,e0271
r3741,e0150
r3742,e0861
r3743,e1403
r3744,e1759
r3745,e1509
r3746,e0563
r3747,e0432
r3748,e1375
r3749,e1760
r3750,e0849
r3751,e1255
r3752,e0808
r3753,e1069
r3754,e0877
r3755,e1583
r3756,e0498
r3757,e1339
r3758,e1761
r3759,e1762
r3760,e1763
r3761,e1764
r3762,e0001
r3763,e1500
r3764,e0503
r3765,e0594
r3766,e0191
r3767,e1485
r3768,e0333
r3769,e1765
r3770,e1080
r3771,e0797
r3772,e1717
r3773,e1766
r3774,e0641
r3775,e0720
r3776,e1338
r3777,e0903
r3778,e0882
r3779,e0413
r3780,e0560
r3781,e1767
r3782,e0684
r3783,e0395
r3784,e1768
r3785,e1258
r3786,e0674
r3787,e1769
r3788,e0532
r3789,e0338
r3790,e1049
r3791,e0056
r3792,e0125
r3793,e0994
r3794,e0837
r3795,e1770
r3796,e0071
r3797,e0770
r3798,e0646
r3799,e0873
r3800,e0321
r3801,e0118
r3802,e1368
r3803,e1750
r3804,e1524
r3805,e0559
r3806,e1771
r3807,e0690
r3808,e0617
r3809,e1010
r3810,e1127
r3811,e0443
r3812,e1561
r3813,e1492
r3814,e0913
r3815,e0243
r3816,e0199
r3817,e1772
r3818,e0641
r3819,e1036
r3820,e0555
r3821,e1571
r3822,e0999
r3823,e0088
r3824,e1773
r3825,e1774
r3826,e1775
r3827,e1776
r3828,e1777
r3829,e0149
r3830,e1769
r3831,e0176
r3832,e0527
r3833,e0999
r3834,e0896
r3835,e0311
r3836,e1778
r3837,e1418
r3838,e1779
r3839,e0622
r3840,e1084
r3841,e1780
r3842,e1781
r3843,e0963
r3844,e0702
r3845,e1782
r3846,e1783
r3847,e1254
r3848,e0796
r3849,e1229
r3850,e1754
r3851,e1058
r3852,e0094
r3853,e0037
r3854,e1581
r3855,e0822
r3856,e0246
r3857,e1339
r3858,e1506
r3859,e0356
r3860,e1784
r3861,e1785
r3862,e1786
r3863,e0881
r3864,e1787
r3865,e0737
r3866,e0824
r3867,e0944
r3868,e1788
r3869,e0185
r3870,e1789
r3871,e1191
r3872,e0030
r3873,e1790
r3874,e0738
r3875,e0249
r3876,e0769
r3877,e1224
r3878,e0838
r3879,e0081
r3880,e1172
r3881,e0682
r3882,e1020
r3883,e0659
r3884,e0838
r3885,e0920
r3886,e0811
r3887,e1148
r3888,e1791
r3889,e0664
r3890,e0561
r3891,e1575
r3892,e1342
r3893,e1792
r3894,e1793
r3895,e0448
r3896,e1595
r3897,e1012
r3898,e1064
r3899,e1130
r3900,e0278
r3901,e0049
r3902,e0945
r3903,e0894
r3904,e0389
r3905,e1794
r3906,e1795
r3907,e0793
r3908,e0589
r3909,e0982
r3910,e0780
r3911,e1796
r3912,e1517
r3913,e1797
r3914,e1470
r3915,e0109
r3916,e1798
r3917,e1799
r3918,e1800
r3919,e0733
r3920,e1801
r3921,e1438
r3922,e0186
r3923,e1597
r3924,e1802
r3925,e0917
r3926,e0531
r3927,e0958
r3928,e1803
r3929,e1804
r3930,e0795
r3931,e0304
r3932,e1581
r3933,e1375
r3934,e1164
r3935,e1000
r3936,e1805
r3937,e1806
r3938,e0267
r3939,e0994
r3940,e0917
r3941,e0276
r3942,e0496
r3943,e1218
r3944,e0647
r3945,e0181
r3946,e1023
r3947,e1236
r3948,e1457
r3949,e1757
r3950,e0075
r3951,e1807
r3952,e0852
r3953,e1566
r3954,e0647
r3955,e1808
r3956,e0367
r3957,e1024
r3958,e1099
r3959,e0055
r3960,e0756
r3961,e1121
r3962,e0402
r3963,e1229
r3964,e0124
r3965,e1809
r3966,e1810
r3967,e1811
r3968,e1650
r3969,e0621
r3970,e1363
r3971,e0914
r3972,e1049
r3973,e1671
r3974,e1156
r3975,e0831
r3976,e0754
r3977,e1266
r3978,e0989
r3979,e1015
r3980,e1775
r3981,e0462
r3982,e0474
r3983,e0062
r3984,e1485
r3985,e1474
r3986,e0322
r3987,e0943
r3988,e0365
r3989,e1771
r3990,e1037
r3991,e1242
r3992,e0910
r3993,e1812
r3994,e1813
r3995,e1814
r3996,e0451
r3997,e0426
r3998,e1593
r3999,e0459
r4000,e0692
r4001,e1815
r4002,e1816
r4003,e1103
r4004,e0121
r4005,e0975
r4006,e0560
r4007,e0548
r4008,e0129
r4009,e1817
r4010,e0673
r4011,e0022
r4012,e1818
r4013,e0964
r4014,e1021
r4015,e1819
r4016,e0754
r4017,e0189
r4018,e1049
r4019,e1486
r4020,e1671
r4021,e0322
r4022,e1163
r4023,e0527
r4024,e0933
r4025,e1820
r4026,e0301
r4027,e1044
r4028,e0016
r4029,e1340
r4030,e0662
r4031,e1821
r4032,e1822
r4033,e0589
r4034,e0852
r4035,e0914
r4036,e0044
r4037,e1505
r4038,e0862
r4039,e0185
r4040,e1823
r4041,e1349
r4042,e1509
r4043,e0565
r4044,e0334
r4045,e0204
r4046,e0801
r4047,e1646
r4048,e1824
r4049,e1021
r4050,e1825
r4051,e0039
r4052,e1826
r4053,e0443
r4054,e1827
r4055,e0793
r4056,e0718
r4057,e0118
r4058,e1328
r4059,e0758
r4060,e1469
r4061,e0796
r4062,e1561
r4063,e0825
r4064,e1828
r4065,e1148
r4066,e0271
r4067,e1829
r4068,e0314
r4069,e1830
r4070,e0624
r4071,e1831
r4072,e0970
r4073,e1050
r4074,e0605
r4075,e0561
r4076,e1760
r4077,e0180
r4078,e0180
r4079,e0533
r4080,e1566
r4081,e0348
r4082,e1488
r4083,e0056
r4084,e0429
r4085,e1832
r4086,e0065
r4087,e1127
r4088,e0664
r4089,e1833
r4090,e0746
r4091,e0333
r4092,e1660
r4093,e1834
r4094,e1213
r4095,e0936
r4096,e1355
r4097,e0365
r4098,e1276
r4099,e1835
r4100,e0445
r4101,e0788
r4102,e0254
r4103,e0990
r4104,e1283
r4105,e0296
r4106,e0057
r4107,e0089
r4108,e0819
r4109,e1836
r4110,e0248
r4111,e0611
r4112,e0392
r4113,e0979
r4114,e0558
r4115,e1837
r4116,e1727
r4117,e1028
r4118,e0524
r4119,e1808
r4120,e1838
r4121,e1233
r4122,e1839
r4123,e0876
r4124,e0796
r4125,e1025
r4126,e0242
r4127,e0743
r4128,e1678
r4129,e0556
r4130,e1840
r4131,e1142
r4132,e0500
r4133,e1268
r4134,e1841
r4135,e0740
r4136,e1842
r4137,e1843
r4138,e1844
r4139,e0161
r4140,e1764
r4141,e0794
r4142,e0379
r4143,e1150
r4144,e1845
r4145,e0532
r4146,e0866
r4147,e1842
r4148,e0293
r4149,e0880
r4150,e1827
r4151,e1846
r4152,e0779
r4153,e1847
r4154,e1848
r4155,e1122
r4156,e0815
r4157,e1849
r4158,e1595
r4159,e1457
r4160,e0862
r4161,e0634
r4162,e0921
r4163,e1116
r4164,e0993
r4165,e1189
r4166,e0044
r4167,e1100
r4168,e0473
r4169,e0230
r4170,e0496
r4171,e0210
r4172,e1850
r4173,e0233
r4174,e1851
r4175,e0736
r4176,e0966
r4177,e1852
r4178,e1853
r4179,e0124
r4180,e1854
r4181,e0407
r4182,e1855
r4183,e0007
r4184,e1236
r4185,e1015
r4186,e1258
r4187,e0392
r4188,e0874
r4189,e1856
r4190,e1093
r4191,e1677
r4192,e0309
r4193,e1010
r4194,e1348
r4195,e1540
r4196,e0438
r4197,e0413
r4198,e1857
r4199,e1847
r4200,e1406
r4201,e0178
r4202,e0341
r4203,e1063
r4204,e1438
r4205,e0899
r4206,e0244
r4207,e0660
r4208,e0538
r4209,e0139
r4210,e1403
r4211,e1276
r4212,e1626
r4213,e1806
r4214,e1171
r4215,e1081
r4216,e1858
r4217,e1213
r4218,e1687
r4219,e1859
r4220,e1097
r4221,e1170
r4222,e0036
r4223,e0042
r4224,e1746
r4225,e0445
r4226,e0391
r4227,e0650
r4228,e0671
r4229,e0519
r4230,e0089
r4231,e1028
r4232,e0622
r4233,e1860
r4234,e0696
r4235,e0080
r4236,e1861
r4237,e0851
r4238,e0172
r4239,e0974
r4240,e0225
r4241,e1862
r4242,e0523
r4243,e0655
r4244,e0924
r4245,e1474
r4246,e1863
r4247,e1350
r4248,e1864
r4249,e0368
r4250,e1865
r4251,e1866
r4252,e1257
r4253,e0793
r4254,e1036
r4255,e0408
r4256,e1641
r4257,e0214
r4258,e0373
r4259,e1825
r4260,e1314
r4261,e1867
r4262,e1052
r4263,e1171
r4264,e1868
r4265,e0281
r4266,e0488
r4267,e0463
r4268,e0247
r4269,e1349
r4270,e1665
r4271,e0144
r4272,e1802
r4273,e1869
r4274,e0083
r4275,e1014
r4276,e1870
r4277,e1316
r4278,e1796
r4279,e0341
r4280,e0948
r4281,e0834
r4282,e1587
r4283,e0125
r4284,e0985
r4285,e0434
r4286,e0796
r4287,e0550
r4288,e1334
r4289,e1559
r4290,e1871
r4291,e1872
r4292,e0416
r4293,e0910
r4294,e1458
r4295,e0744
r4296,e0488
r4297,e1162
r4298,e1252
r4299,e1873
r4300,e0133
r4301,e0751
r4302,e1700
r4303,e1874
r4304,e1875
r4305,e0737
r4306,e1825
r4307,e0487
r4308,e0194
r4309,e0844
r4310,e1876
r4311,e1877
r4312,e0288
r4313,e1343
r4314,e0141
r4315,e1653
r4316,e1874
r4317,e0007
r4318,e1418
r4319,e0212
r4320,e1683
r4321,e0821
r4322,e0060
r4323,e0696
r4324,e1517
r4325,e1618
r4326,e1475
r4327,e1878
r4328,e1646
r4329,e1033
r4330,e0503
r4331,e0118
r4332,e0584
r4333,e0030
r4334,e0994
r4335,e1879
r4336,e1475
r4337,e1566
r4338,e0501
r4339,e1880
r4340,e1502
r4341,e0603
r4342,e1699
r4343,e0564
r4344,e1276
r4345,e1881
r4346,e0732
r4347,e1107
r4348,e1262
r4349,e1120
r4350,e1808
r4351,e1882
r4352,e0038
r4353,e1051
r4354,e0700
r4355,e0902
r4356,e0844
r4357,e1881
r4358,e1883
r4359,e1884
r4360,e1885
r4361,e1886
r4362,e0383
r4363,e0658
r4364,e1887
r4365,e1582
r4366,e0047
r4367,e1888
r4368,e1889
r4369,e0999
r4370,e0489
r4371,e1676
r4372,e1089
r4373,e0003
r4374,e0753
r4375,e1142
r4376,e0812
r4377,e1890
r4378,e1883
r4379,e1027
r4380,e0177
r4381,e0686
r4382,e0958
r4383,e1188
r4384,e1168
r4385,e0891
r4386,e0932
r4387,e1488
r4388,e1072
r4389,e1671
r4390,e1821
r4391,e1088
r4392,e1891
r4393,e1808
r4394,e1543
r4395,e1892
r4396,e1893
r4397,e1798
r4398,e0509
r4399,e1894
r4400,e0367
r4401,e0262
r4402,e1895
r4403,e1217
r4404,e1896
r4405,e0325
r4406,e1418
r4407,e1134
r4408,e1897
r4409,e1593
r4410,e1836
r4411,e0537
r4412,e1898
r4413,e1502
r4414,e1426
r4415,e1899
r4416,e0077
r4417,e1129
r4418,e1367
r4419,e0736
r4420,e0094
r4421,e1302
r4422,e1839
r4423,e0544
r4424,e1340
r4425,e0501
r4426,e1257
r4427,e0173
r4428,e1824
r4429,e1900
r4430,e0692
r4431,e0264
r4432,e1901
r4433,e0079
r4434,e1902
r4435,e0071
r4436,e1903
r4437,e0375
r4438,e1904
r4439,e0317
r4440,e0198
r4441,e0800
r4442,e0075
r4443,e1905
r4444,e0301
r4445,e0425
r4446,e0980
r4447,e0959
r4448,e0750
r4449,e0709
r4450,e1906
r4451,e1907
r4452,e1908
r4453,e0495
r4454,e0471
r4455,e1054
r4456,e0615
r4457,e1909
r4458,e1077
r4459,e0527
r4460,e0647
r4461,e1012
r4462,e0260
r4463,e0382
r4464,e0569
r4465,e0410
r4466,e0337
r4467,e1459
r4468,e1910
r4469,e1911
r4470,e0891
r4471,e1023
r4472,e1103
r4473,e1201
r4474,e1387
r4475,e0673
r4476,e1192
r4477,e1912
r4478,e1913
r4479,e1914
r4480,e0337
r4481,e1593
r4482,e0940
r4483,e1915
r4484,e0866
r4485,e1916
r4486,e0877
r4487,e1917
r4488,e1497
r4489,e1164
r4490,e0989
r4491,e1918
r4492,e0453
r4493,e0966
r4494,e0923
r4495,e0808
r4496,e1064
r4497,e0127
r4498,e1919
r4499,e0501
r4500,e1497
r4501,e1780
r4502,e1080
r4503,e1014
r4504,e1228
r4505,e0215
r4506,e0077
r4507,e0615
r4508,e0432
r4509,e0558
r4510,e0699
r4511,e1457
r4512,e0007
r4513,e0992
r4514,e1283
r4515,e1332
r4516,e1306
r4517,e0657
r4518,e0383
r4519,e1834
r4520,e1317
r4521,e0200
r4522,e1465
r4523,e0249
r4524,e1308
r4525,e0912
r4526,e0409
r4527,e1254
r4528,e0327
r4529,e1041
r4530,e0186
r4531,e1037
r4532,e1879
r4533,e1920
r4534,e1563
r4535,e0110
r4536,e0048
r4537,e1121
r4538,e0575
r4539,e1921
r4540,e0504
r4541,e0498
r4542,e1354
r4543,e1420
r4544,e1569
r4545,e0928
r4546,e1265
r4547,e1542
r4548,e0460
r4549,e1067
r4550,e1922
r4551,e0408
r4552,e1923
r4553,e0584
r4554,e1924
r4555,e0494
r4556,e0852
r4557,e0914
r4558,e1252
r4559,e1925
r4560,e0319
r4561,e1021
r4562,e0018
r4563,e0682
r4564,e1361
r4565,e0898
r4566,e1165
r4567,e0730
r4568,e0224
r4569,e0882
r4570,e1926
r4571,e0334
r4572,e0346
r4573,e1170
r4574,e1306
r4575,e1234
r4576,e0459
r4577,e0743
r4578,e0385
r4579,e1490
r4580,e0527
r4581,e1511
r4582,e0587
r4583,e1091
r4584,e1927
r4585,e1928
r4586,e1403
r4587,e1500
r4588,e0177
r4589,e1107
r4590,e0731
r4591,e0411
r4592,e1929
r4593,e1444
r4594,e0968
r4595,e0600
r4596,e0650
r4597,e0353
r4598,e0892
r4599,e1930
r4600,e0758
r4601,e0838
r4602,e1465
r4603,e1931
r4604,e1180
r4605,e1690
r4606,e0451
r4607,e1096
r4608,e0553
r4609,e0474
r4610,e0404
r4611,e1298
r4612,e1402
r4613,e1343
r4614,e1932
r4615,e1089
r4616,e1933
r4617,e0060
r4618,e0237
r4619,e1934
r4620,e0360
r4621,e0024
r4622,e1422
r4623,e0597
r4624,e1160
r4625,e1652
r4626,e0374
r4627,e1750
r4628,e0060
r4629,e0617
r4630,e1412
r4631,e0181
r4632,e1052
r4633,e0739
r4634,e1288
r4635,e1935
r4636,e0697
r4637,e0603
r4638,e0084
r4639,e0531
r4640,e1143
r4641,e1356
r4642,e0459
r4643,e0531
r4644,e1703
r4645,e1710
r4646,e0958
r4647,e1606
r4648,e0736
r4649,e0120
r4650,e1825
r4651,e1743
r4652,e1235
r4653,e1097
r4654,e0058
r4655,e0055
r4656,e0087
r4657,e0055
r4658,e0068
r4659,e1936
r4660,e1937
r4661,e1464
r4662,e1010
r4663,e0233
r4664,e1938
r4665,e0463
r4666,e0488
r4667,e1939
r4668,e0484
r4669,e0864
r4670,e1164
r4671,e0816
r4672,e1940
r4673,e1941
r4674,e0120
r4675,e1782
r4676,e0968
r4677,e1365
r4678,e0754
r4679,e1111
r4680,e1839
r4681,e1942
r4682,e1943
r4683,e1279
r4684,e0780
r4685,e1359
r4686,e0056
r4687,e1212
r4688,e0225
r4689,e1389
r4690,e1288
r4691,e0681
r4692,e0488
r4693,e1220
r4694,e1944
r4695,e0095
r4696,e0162
r4697,e0248
r4698,e0910
r4699,e0342
r4700,e0927
r4701,e1606
r4702,e1530
r4703,e1945
r4704,e1012
r4705,e1396
r4706,e0278
r4707,e1946
r4708,e1228
r4709,e1947
r4710,e1806
r4711,e0164
r4712,e1948
r4713,e0357
r4714,e0182
r4715,e0368
r4716,e0700
r4717,e0797
r4718,e0612
r4719,e1949
r4720,e0833
r4721,e1589
r4722,e0525
r4723,e0419
r4724,e1337
r4725,e1950
r4726,e1223
r4727,e0949
r4728,e0133
r4729,e1951
r4730,e1360
r4731,e0159
r4732,e1952
r4733,e0311
r4734,e0722
r4735,e0067
r4736,e1953
r4737,e0941
r4738,e1605
r4739,e0812
r4740,e1308
r4741,e1743
r4742,e1319
r4743,e0980
r4744,e0938
r4745,e1288
r4746,e0877
r4747,e1954
r4748,e1955
r4749,e0205
r4750,e1317
r4751,e1425
r4752,e1593
r4753,e1578
r4754,e1099
r4755,e1485
r4756,e1520
r4757,e0571
r4758,e0098
r4759,e1783
r4760,e0579
r4761,e0398
r4762,e1522
r4763,e1956
r4764,e0413
r4765,e1957
r4766,e0471
r4767,e1958
r4768,e1959
r4769,e1593
r4770,e0969
r4771,e0825
r4772,e0424
r4773,e0344
r4774,e1007
r4775,e1163
r4776,e1952
r4777,e1754
r4778,e0426
r4779,e0048
r4780,e1589
r4781,e1324
r4782,e1317
r4783,e1960
r4784,e1961
r4785,e0242
r4786,e1652
r4787,e0130
r4788,e1962
r4789,e1497
r4790,e0399
r4791,e1744
r4792,e1963
r4793,e1311
r4794,e0100
r4795,e1964
r4796,e0515
r4797,e0173
r4798,e0957
r4799,e1965
r4800,e0765
r4801,e1966
r4802,e0181
r4803,e1122
r4804,e1304
r4805,e1205
r4806,e0589
r4807,e0918
r4808,e0727
r4809,e1635
r4810,e1161
r4811,e1060
r4812,e0494
r4813,e1967
r4814,e1806
r4815,e0944
r4816,e0859
r4817,e0382
r4818,e0109
r4819,e1595
r4820,e0260
r4821,e1706
r4822,e0721
r4823,e0213
r4824,e1010
r4825,e1968
r4826,e0737
r4827,e0882
r4828,e1830
r4829,e0753
r4830,e0406
r4831,e0132
r4832,e0269
r4833,e0875
r4834,e0895
r4835,e0564
r4836,e1969
r4837,e0693
r4838,e0003
r4839,e0154
r4840,e1415
r4841,e0600
r4842,e0878
r4843,e1717
r4844,e1434
r4845,e0259
r4846,e1093
r4847,e0974
r4848,e1970
r4849,e0987
r4850,e1971
r4851,e1717
r4852,e1972
r4853,e0083
r4854,e0770
r4855,e0739
r4856,e1973
r4857,e1974
r4858,e1975
r4859,e1261
r4860,e0933
r4861,e1408
r4862,e1023
r4863,e1976
r4864,e0080
r4865,e1977
r4866,e0612
r4867,e0317
r4868,e1103
r4869,e1069
r4870,e0591
r4871,e1517
r4872,e0379
r4873,e1978
r4874,e0095
r4875,e1212
r4876,e1098
r4877,e1340
r4878,e0977
r4879,e1639
r4880,e0568
r4881,e0402
r4882,e1449
r4883,e1979
r4884,e1980
r4885,e1981
r4886,e0409
r4887,e1982
r4888,e1983
r4889,e1258
r4890,e0358
r4891,e0295
r4892,e0704
r4893,e0054
r4894,e1966
r4895,e0504
r4896,e1984
r4897,e1481
r4898,e1398
r4899,e0875
r4900,e0556
r4901,e0977
r4902,e0224
r4903,e1597
r4904,e0272
r4905,e0571
r4906,e0717
r4907,e1021
r4908,e1105
r4909,e1191
r4910,e0560
r4911,e0454
r4912,e1257
r4913,e1929
r4914,e1985
r4915,e1369
r4916,e0014
r4917,e1986
r4918,e1987
r4919,e0149
r4920,e1988
r4921,e1119
r4922,e1597
r4923,e0120
r4924,e0622
r4925,e1563
r4926,e0630
r4927,e0271
r4928,e1960
r4929,e1989
r4930,e0477
r4931,e1480
r4932,e0914
r4933,e1100
r4934,e1750
r4935,e0247
r4936,e0621
r4937,e0399
r4938,e1511
r4939,e0369
r4940,e1236
r4941,e1990
r4942,e1041
r4943,e1358
r4944,e1991
r4945,e0381
r4946,e1790
r4947,e0462
r4948,e0593
r4949,e1992
r4950,e1844
r4951,e1147
r4952,e1993
r4953,e0063
r4954,e1994
r4955,e0391
r4956,e0114
r4957,e1745
r4958,e1352
r4959,e0433
r4960,e0884
r4961,e0277
r4962,e1029
r4963,e1418
r4964,e0284
r4965,e1968
r4966,e1041
r4967,e0942
r4968,e1690
r4969,e1790
r4970,e0702
r4971,e1724
r4972,e0861
r4973,e0761
r4974,e1703
r4975,e0786
r4976,e0680
r4977,e0930
r4978,e1308
r4979,e0691
r4980,e1995
r4981,e0568
r4982,e1438
r4983,e1987
r4984,e0943
r4985,e1996
r4986,e1997
r4987,e0895
r4988,e1998
r4989,e0930
r4990,e1729
r4991,e1440
r4992,e0309
r4993,e0830
r4994,e1999
r4995,e1315
r4996,e0075
r4997,e0940
r4998,e0517
r4999,e0709
